Workbook

Sheet Sheet1
A4: DATE | B4: 증권 평균 | C4: 은행 평균 | D4: 생보 평균 | E4: 손보 평균 | F4: 저축 평균 | G4: 원리금보장상품금리 평균 (1년, DB) | H4: 국채금리 (1년) | I4: 기준금리
A5: 2012-02-01 | B5: 4.885 | C5: 4.6325 | D5: 4.8223077 | E5: 4.825 | G5: =AVERAGE(B5:E5) -> 4.7912019 | H5: 3.38 | I5: 3.25 | J5: =B5-I5 -> 1.635
A6: 2012-02-16 | B6: 4.845 | C6: 4.675625 | D6: 4.7007692 | E6: 4.80125 | G6: =AVERAGE(B6:E6) -> 4.7556611 | H6: 3.4 | I6: 3.25 | J6: =B6-I6 -> 1.595
A7: 2012-03-01 | B7: 4.8466667 | C7: 4.625625 | D7: 4.6838462 | E7: 4.825 | G7: =AVERAGE(B7:E7) -> 4.7452845 | H7: 3.45 | I7: 3.25 | J7: =B7-I7 -> 1.5966667
A8: 2012-03-16 | B8: 4.86 | C8: 4.651875 | D8: 4.6846154 | E8: 4.8175 | G8: =AVERAGE(B8:E8) -> 4.7534976 | H8: 3.51 | I8: 3.25 | J8: =B8-I8 -> 1.61
A9: 2012-04-01 | B9: 4.9125 | C9: 4.69625 | D9: 4.6869231 | E9: 4.8125 | G9: =AVERAGE(B9:E9) -> 4.7770433 | H9: 3.48 | I9: 3.25 | J9: =B9-I9 -> 1.6625
A10: 2012-04-16 | B10: 4.8825 | C10: 4.6576471 | D10: 4.7007692 | E10: 4.82375 | G10: =AVERAGE(B10:E10) -> 4.7661666 | H10: 3.43 | I10: 3.25 | J10: =B10-I10 -> 1.6325
A11: 2012-05-01 | B11: 4.7791667 | C11: 4.6282353 | D11: 4.6192308 | E11: 4.77125 | G11: =AVERAGE(B11:E11) -> 4.6994707 | H11: 3.43 | I11: 3.25 | J11: =B11-I11 -> 1.5291667
A12: 2012-05-16 | B12: 4.6983333 | C12: 4.6141176 | D12: 4.5623077 | E12: 4.7225 | G12: =AVERAGE(B12:E12) -> 4.6493147 | H12: 3.37 | I12: 3.25 | J12: =B12-I12 -> 1.4483333
A13: 2012-06-01 | B13: 4.6158333 | C13: 4.59 | D13: 4.4861538 | E13: 4.62125 | G13: =AVERAGE(B13:E13) -> 4.5783093 | H13: 3.3 | I13: 3.25 | J13: =B13-I13 -> 1.3658333
A14: 2012-06-16 | B14: 4.5616667 | C14: 4.555 | D14: 4.4176923 | E14: 4.565 | G14: =AVERAGE(B14:E14) -> 4.5248397 | H14: 3.3 | I14: 3.25 | J14: =B14-I14 -> 1.3116667
A15: 2012-07-01 | B15: 4.5708333 | C15: 4.514375 | D15: 4.3969231 | E15: 4.45625 | G15: =AVERAGE(B15:E15) -> 4.4845954 | H15: 3.31 | I15: 3 | J15: =B15-I15 -> 1.5708333
A16: 2012-07-16 | B16: 4.5741667 | C16: 4.43625 | D16: 4.3969231 | E16: 4.4675 | G16: =AVERAGE(B16:E16) -> 4.4687099 | H16: 2.97 | I16: 3 | J16: =B16-I16 -> 1.5741667
... A72: 2014-12-01 | B72: 3.01 | C72: 2.39 | D72: 2.82 | E72: 2.95 | G72: =AVERAGE(B72:E72) -> 2.7925 | H72: 2.012 | I72: 2 | J72: =B72-I72 -> 1.01
A73: 42005 | B73: 2.96 | C73: 2.39 | D73: 2.74 | E73: 2.85 | G73: =AVERAGE(B73:E73) -> 2.735 | H73: 2.074 | I73: 2 | J73: =B73-I73 -> 0.96
A74: 42036 | B74: 2.86 | C74: 2.23 | D74: 2.65 | E74: 2.76 | G74: =AVERAGE(B74:E74) -> 2.625 | H74: 1.967 | I74: 2 | J74: =B74-I74 -> 0.86
A75: 42064 | B75: 2.82 | C75: 2.23 | D75: 2.61 | E75: 2.72 | G75: =AVERAGE(B75:E75) -> 2.595 | H75: 1.979 | I75: 1.75 | J75: =B75-I75 -> 1.07
A76: 42095 | B76: 2.6 | C76: 2.01 | D76: 2.54 | E76: 2.61 | G76: =AVERAGE(B76:E76) -> 2.44 | H76: 1.76 | I76: 1.75 | J76: =B76-I76 -> 0.85
A77: 42125 | B77: 2.55 | C77: 1.92 | D77: 2.45 | E77: 2.51 | G77: =AVERAGE(B77:E77) -> 2.3575 | H77: 1.762 | I77: 1.75 | J77: =B77-I77 -> 0.8
A78: 42156 | B78: 2.58 | C78: 1.95 | D78: 2.47 | E78: 2.5 | G78: =AVERAGE(B78:E78) -> 2.375 | H78: 1.66 | I78: 1.5 | J78: =B78-I78 -> 1.08
A79: 42186 | B79: 2.32 | C79: 1.81 | D79: 2.47 | E79: 2.47 | G79: =AVERAGE(B79:E79) -> 2.2675 | H79: 1.613 | I79: 1.5 | J79: =B79-I79 -> 0.82
A80: 42217 | B80: 2.25 | C80: 1.75 | D80: 2.43 | E80: 2.44 | G80: =AVERAGE(B80:E80) -> 2.2175 | H80: 1.601 | I80: 1.5 | J80: =B80-I80 -> 0.75
A81: 42248 | B81: 2.23 | C81: 1.75 | D81: 2.4 | E81: 2.38 | G81: =AVERAGE(B81:E81) -> 2.19 | H81: 1.589 | I81: 1.5 | J81: =B81-I81 -> 0.73
A82: 42278 | B82: 2.2 | C82: 1.73 | D82: 2.37 | E82: 2.36 | G82: =AVERAGE(B82:E82) -> 2.165 | H82: 1.589 | I82: 1.5 | J82: =B82-I82 -> 0.7
A83: 42309 | B83: 2.25 | C83: 1.74 | D83: 2.34 | E83: 2.33 | G83: =AVERAGE(B83:E83) -> 2.165 | H83: 1.576 | I83: 1.5 | J83: =B83-I83 -> 0.75
A84: 42339 | B84: 2.4 | C84: 1.87 | D84: 2.4 | E84: 2.4 | G84: =AVERAGE(B84:E84) -> 2.2675 | H84: 1.654 | I84: 1.5 | J84: =B84-I84 -> 0.9
... A110: 43132 | B110: 2.04 | C110: 1.69 | D110: 2.06 | E110: 2.15 | G110: =AVERAGE(B110:E110) -> 1.985 | H110: 1.852 | I110: 1.5 | J110: =B110-I110 -> 0.54
A111: 43160 | B111: ='[1]2018.3.1~31'!B22 -> 0 | C111: ='[1]2018.3.1~31'!B40 -> 0 | D111: ='[1]2018.3.1~31'!B55 -> 0 | E111: ='[1]2018.3.1~31'!B64 -> 0 | G111: =AVERAGE(B111:E111) -> 0 | H111: 1.875 | I111: 1.5 | J111: =B111-I111 -> -1.5
A112: 43191 | B112: ='[1]2018.4.1~30'!B22 -> 0 | C112: ='[1]2018.4.1~30'!B40 -> 0 | D112: ='[1]2018.4.1~30'!B55 -> 0 | E112: ='[1]2018.4.1~30'!B64 -> 0 | G112: =AVERAGE(B112:E112) -> 0 | H112: 1.873 | I112: 1.5 | J112: =B112-I112 -> -1.5
A113: 43221 | B113: ='[1]2018.05'!B22 -> 0 | C113: ='[1]2018.05'!B40 -> 0 | D113: ='[1]2018.05'!B55 -> 0 | E113: ='[1]2018.05'!B64 -> 0 | G113: =AVERAGE(B113:E113) -> 0 | H113: 1.887 | I113: 1.5 | J113: =B113-I113 -> -1.5
A114: 43252 | B114: ='[1]2018.06'!B22 -> 0 | C114: ='[1]2018.06'!B40 -> 0 | D114: ='[1]2018.06'!B55 -> 0 | E114: ='[1]2018.06'!B64 -> 0 | G114: =AVERAGE(B114:E114) -> 0 | H114: 1.851 | I114: 1.5 | J114: =B114-I114 -> -1.5
A115: 43282 | B115: ='[1]2018.07'!B22 -> 0 | C115: ='[1]2018.07'!B39 -> 0 | D115: ='[1]2018.07'!B54 -> 0 | E115: ='[1]2018.07'!B63 -> 0 | G115: =AVERAGE(B115:E115) -> 0 | H115: 1.842 | I115: 1.5 | J115: =B115-I115 -> -1.5
A116: 43313 | B116: ='[1]2018.08'!B23 -> 0 | C116: ='[1]2018.08'!B40 -> 0 | D116: ='[1]2018.08'!B55 -> 0 | E116: ='[1]2018.08'!B64 -> 0 | G116: =AVERAGE(B116:E116) -> 0 | H116: 1.83 | I116: 1.5 | J116: =B116-I116 -> -1.5
A117: 43344 | B117: ='[1]2018.09'!B23 -> 0 | C117: ='[1]2018.09'!B40 -> 0 | D117: ='[1]2018.09'!B55 -> 0 | E117: ='[1]2018.09'!B64 -> 0 | G117: =AVERAGE(B117:E117) -> 0 | H117: 1.79 | I117: 1.5 | J117: =B117-I117 -> -1.5
A118: 43374 | B118: ='[1]2018.10'!B23 -> 0 | C118: ='[1]2018.10'!B40 -> 0 | D118: ='[1]2018.10'!B55 -> 0 | E118: ='[1]2018.10'!B64 -> 0 | G118: =AVERAGE(B118:E118) -> 0 | H118: 1.853 | I118: 1.5 | J118: =B118-I118 -> -1.5
A119: 43405 | B119: ='[1]2018.11'!B23 -> 0 | C119: ='[1]2018.11'!B40 -> 0 | D119: ='[1]2018.11'!B55 -> 0 | E119: ='[1]2018.11'!B64 -> 0 | G119: =AVERAGE(B119:E119) -> 0 | H119: 1.844 | I119: 1.5 | J119: =B119-I119 -> -1.5
A120: 43435 | B120: ='[1]2018.12'!B23 -> 0 | C120: ='[1]2018.12'!B40 -> 0 | D120: ='[1]2018.12'!B55 -> 0 | E120: ='[1]2018.12'!B64 -> 0 | G120: =AVERAGE(B120:E120) -> 0 | H120: 1.776 | I120: 1.75 | J120: =B120-I120 -> -1.75
A121: 43466 | B121: ='[1]2019.01'!B23 -> 0 | C121: ='[1]2019.01'!B40 -> 0 | D121: ='[1]2019.01'!B55 -> 0 | E121: ='[1]2019.01'!B64 -> 0 | G121: =AVERAGE(B121:E121) -> 0 | H121: 1.733 | I121: 1.75 | J121: =B121-I121 -> -1.75
A122: 43497 | B122: ='[1]2019.02'!B23 -> 0 | C122: ='[1]2019.02'!B40 -> 0 | D122: ='[1]2019.02'!C55 -> 평균 | E122: ='[1]2019.02'!B64 -> 0 | G122: =AVERAGE(B122:E122) -> 0 | H122: 1.76 | I122: 1.75 | J122: =B122-I122 -> -1.75
A123: 43525 | B123: ='[1]2019.03'!B22 -> 0 | C123: ='[1]2019.03'!B39 -> 0 | D123: ='[1]2019.03'!B53 -> 0 | E123: ='[1]2019.03'!B62 -> 0 | F123: ='[1]2019.03'!B85 -> 0 | G123: =AVERAGE(B123:E123) -> 0 | H123: 1.769 | I123: 1.75 | J123: =B123-I123 -> -1.75
A124: 43556 | B124: ='[1]2019.04'!B22 -> 0 | C124: ='[1]2019.04'!B39 -> 0 | D124: ='[1]2019.04'!B53 -> 0 | E124: ='[1]2019.04'!B62 -> 0 | F124: ='[1]2019.04'!B85 -> 0 | G124: =AVERAGE(B124:E124) -> 0 | H124: 1.751 | I124: 1.75 | J124: =B124-I124 -> -1.75
A125: 43586 | B125: ='[1]2019.05'!B22 -> 0 | C125: ='[1]2019.05'!B39 -> 0 | D125: ='[1]2019.05'!B53 -> 0 | E125: ='[1]2019.05'!B62 -> 0 | F125: ='[1]2019.05'!B85 -> 0 | G125: =AVERAGE(B125:E125) -> 0 | H125: 1.711 | I125: 1.75 | J125: =B125-I125 -> -1.75
A126: 43617 | B126: ='[1]2019.06'!B23 -> 0 | C126: ='[1]2019.06'!B40 -> 0 | D126: ='[1]2019.06'!B54 -> 0 | E126: ='[1]2019.06'!B63 -> 0 | F126: ='[1]2019.06'!B86 -> 0 | G126: =AVERAGE(B126:E126) -> 0 | H126: 1.56 | I126: 1.75 | J126: =B126-I126 -> -1.75
A127: 43647 | B127: =AVERAGE('[1]2019.07'!B6:B21) -> #DIV/0! | C127: =AVERAGE('[1]2019.07'!B22:B35) -> #DIV/0! | D127: =AVERAGE('[1]2019.07'!B47:B52) -> #DIV/0! | E127: =AVERAGE('[1]2019.07'!B47:B52) -> #DIV/0! | F127: =AVERAGE('[1]2019.07'!B53:B64) -> #DIV/0! | G127: =AVERAGE(B127:E127) -> #DIV/0! | H127: 1.478 | I127: 1.5 | J127: =B127-I127 -> #DIV/0!
A128: 43678 | B128: =AVERAGE('[1]2019.08'!B6:B21) -> #DIV/0! | C128: =AVERAGE('[1]2019.08'!B22:B35) -> #DIV/0! | D128: =AVERAGE('[1]2019.08'!B36:B46) -> #DIV/0! | E128: =AVERAGE('[1]2019.08'!B47:B52) -> #DIV/0! | F128: =AVERAGE('[1]2019.08'!B53:B64) -> #DIV/0! | G128: =AVERAGE(B128:E128) -> #DIV/0! | H128: 1.186 | I128: 1.5 | J128: =B128-I128 -> #DIV/0!
A129: 43709 | B129: =AVERAGE('[1]2019.09'!B6:B18) -> #DIV/0! | C129: =AVERAGE('[1]2019.09'!B22:B35) -> #DIV/0! | D129: =AVERAGE('[1]2019.09'!B36:B46) -> #DIV/0! | E129: =AVERAGE('[1]2019.09'!B47:B52) -> #DIV/0! | F129: =AVERAGE('[1]2019.09'!B53:B64) -> #DIV/0! | G129: =AVERAGE(B129:E129) -> #DIV/0! | H129: 1.228 | I129: 1.5 | J129: =B129-I129 -> #DIV/0!
A130: 43739 | B130: =AVERAGE('[1]2019.10'!B6:B18) -> #DIV/0! | C130: =AVERAGE('[1]2019.10'!B22:B35) -> #DIV/0! | D130: =AVERAGE('[1]2019.10'!B36:B46) -> #DIV/0! | E130: =AVERAGE('[1]2019.10'!B47:B52) -> #DIV/0! | F130: =AVERAGE('[1]2019.10'!B53:B64) -> #DIV/0! | G130: =AVERAGE(B130:E130) -> #DIV/0! | H130: 1.298 | I130: 1.25 | J130: =B130-I130 -> #DIV/0!
A131: 43770 | B131: =AVERAGE('[1]2019.11'!B6:B18) -> #DIV/0! | C131: =AVERAGE('[1]2019.11'!B22:B35) -> #DIV/0! | D131: =AVERAGE('[1]2019.11'!B36:B46) -> #DIV/0! | E131: =AVERAGE('[1]2019.11'!B47:B52) -> #DIV/0! | F131: =AVERAGE('[1]2019.11'!B53:B65) -> #DIV/0! | G131: =AVERAGE(B131:E131) -> #DIV/0! | H131: 1.386 | I131: 1.25 | J131: =B131-I131 -> #DIV/0!
A132: 43800 | B132: =AVERAGE('[1]2019.12'!B6:B18) -> #DIV/0! | C132: =AVERAGE('[1]2019.12'!B22:B35) -> #DIV/0! | D132: =AVERAGE('[1]2019.12'!B36:B46) -> #DIV/0! | E132: =AVERAGE('[1]2019.12'!B47:B52) -> #DIV/0! | F132: =AVERAGE('[1]2019.12'!B53:B67) -> #DIV/0! | G132: =AVERAGE(B132:E132) -> #DIV/0! | H132: 1.35 | I132: 1.25 | J132: =B132-I132 -> #DIV/0!
A133: 43831 | B133: =AVERAGE('[1]2020.01'!B6:B18) -> #DIV/0! | C133: =AVERAGE('[1]2020.01'!B22:B35) -> #DIV/0! | D133: =AVERAGE('[1]2020.01'!B36:B46) -> #DIV/0! | E133: =AVERAGE('[1]2020.01'!B47:B52) -> #DIV/0! | F133: =AVERAGE('[1]2020.01'!B53:B67) -> #DIV/0! | G133: =AVERAGE(B133:E133) -> #DIV/0! | H133: 1.316 | I133: 1.25 | J133: =B133-I133 -> #DIV/0!
A134: 43862 | B134: =AVERAGE('[1]2020.02'!B6:B18) -> #DIV/0! | C134: =AVERAGE('[1]2020.02'!B22:B35) -> #DIV/0! | D134: =AVERAGE('[1]2020.02'!B36:B46) -> #DIV/0! | E134: =AVERAGE('[1]2020.02'!B47:B52) -> #DIV/0! | F134: =AVERAGE('[1]2020.02'!B53:B68) -> #DIV/0! | G134: =AVERAGE(B134:E134) -> #DIV/0! | H134: 1.214 | I134: 1.25 | J134: =B134-I134 -> #DIV/0!
A135: 43891 | B135: =AVERAGE('[1]2020.03'!B$6:B$18) -> #DIV/0! | C135: =AVERAGE('[1]2020.03'!B$22:B$35) -> #DIV/0! | D135: =AVERAGE('[1]2020.03'!B$36:B$46) -> #DIV/0! | E135: =AVERAGE('[1]2020.03'!B$47:B$52) -> #DIV/0! | F135: =AVERAGE('[1]2020.03'!B$55:B$70) -> #DIV/0! | G135: =AVERAGE(B135:E135) -> #DIV/0! | I135: 0.75 | J135: =B135-I135 -> #DIV/0!
A136: 43922 | B136: =AVERAGE('[1]2020.04'!B$6:B$18) -> #DIV/0! | C136: =AVERAGE('[1]2020.04'!B$22:B$35) -> #DIV/0! | D136: =AVERAGE('[1]2020.04'!B$36:B$46) -> #DIV/0! | E136: =AVERAGE('[1]2020.04'!B$47:B$52) -> #DIV/0! | F136: =AVERAGE('[1]2020.04'!B$55:B$70) -> #DIV/0! | G136: =AVERAGE(B136:E136) -> #DIV/0! | I136: 0.75 | J136: =B136-I136 -> #DIV/0!
A137: 43952 | B137: =AVERAGE('[1]2020.05'!B$6:B$18) -> #DIV/0! | C137: =AVERAGE('[1]2020.05'!B$22:B$35) -> #DIV/0! | D137: =AVERAGE('[1]2020.05'!B$36:B$46) -> #DIV/0! | E137: =AVERAGE('[1]2020.05'!B$47:B$52) -> #DIV/0! | F137: =AVERAGE('[1]2020.05'!B$55:B$70) -> #DIV/0! | G137: =AVERAGE(B137:E137) -> #DIV/0! | I137: 0.75 | J137: =B137-I137 -> #DIV/0!
A138: 43983 | B138: =AVERAGE('[1]2020.06'!C$6:C$18) -> #DIV/0! | C138: =AVERAGE('[1]2020.06'!C$22:C$35) -> #DIV/0! | D138: =AVERAGE('[1]2020.06'!C$36:C$46) -> #DIV/0! | E138: =AVERAGE('[1]2020.06'!C$47:C$52) -> #DIV/0! | F138: =AVERAGE('[1]2020.06'!C$55:C$70) -> #DIV/0! | G138: =AVERAGE(B138:E138) -> #DIV/0! | I138: 0.5 | J138: =B138-I138 -> #DIV/0!
A139: 44013 | B139: =AVERAGE('[1]2020.07'!C$6:C$18) -> #DIV/0! | C139: =AVERAGE('[1]2020.07'!C$22:C$35) -> #DIV/0! | D139: =AVERAGE('[1]2020.07'!C$36:C$46) -> #DIV/0! | E139: =AVERAGE('[1]2020.07'!C$47:C$52) -> #DIV/0! | F139: =AVERAGE('[1]2020.07'!C$55:C$70) -> #DIV/0! | G139: =AVERAGE(B139:E139) -> #DIV/0! | I139: 0.5 | J139: =B139-I139 -> #DIV/0!
A140: 44044 | B140: =AVERAGE('[1]2020.08'!C$6:C$18) -> #DIV/0! | C140: =AVERAGE('[1]2020.08'!C$22:C$35) -> #DIV/0! | D140: =AVERAGE('[1]2020.08'!C$36:C$46) -> #DIV/0! | E140: =AVERAGE('[1]2020.08'!C$47:C$52) -> #DIV/0! | F140: =AVERAGE('[1]2020.08'!C$55:C$70) -> #DIV/0! | G140: =AVERAGE(B140:E140) -> #DIV/0! | I140: 0.5 | J140: =B140-I140 -> #DIV/0!
A141: 44075 | B141: =AVERAGE('[1]2020.09'!C$6:C$18) -> #DIV/0! | C141: =AVERAGE('[1]2020.09'!C$22:C$35) -> #DIV/0! | D141: =AVERAGE('[1]2020.09'!C$36:C$46) -> #DIV/0! | E141: =AVERAGE('[1]2020.09'!C$47:C$52) -> #DIV/0! | F141: =AVERAGE('[1]2020.09'!C$55:C$70) -> #DIV/0! | G141: =AVERAGE(B141:E141) -> #DIV/0! | I141: 0.5 | J141: =B141-I141 -> #DIV/0!
A142: 44105 | B142: =AVERAGE('[1]2020.10'!C$6:C$18) -> #DIV/0! | C142: =AVERAGE('[1]2020.10'!C$22:C$35) -> #DIV/0! | D142: =AVERAGE('[1]2020.10'!C$36:C$46) -> #DIV/0! | E142: =AVERAGE('[1]2020.10'!C$47:C$52) -> #DIV/0! | F142: =AVERAGE('[1]2020.10'!C$55:C$70) -> #DIV/0! | G142: =AVERAGE(B142:E142) -> #DIV/0! | I142: 0.5 | J142: =B142-I142 -> #DIV/0!
A143: 44136 | B143: =AVERAGE('[1]2020.11'!C$6:C$18) -> #DIV/0! | C143: =AVERAGE('[1]2020.11'!C$22:C$35) -> #DIV/0! | D143: =AVERAGE('[1]2020.11'!C$36:C$46) -> #DIV/0! | E143: =AVERAGE('[1]2020.11'!C$47:C$52) -> #DIV/0! | F143: =AVERAGE('[1]2020.11'!C$55:C$70) -> #DIV/0! | G143: =AVERAGE(B143:E143) -> #DIV/0! | I143: 0.5 | J143: =B143-I143 -> #DIV/0!
A144: 44166 | B144: =AVERAGE('[1]2020.12'!C$6:C$18) -> #DIV/0! | C144: =AVERAGE('[1]2020.12'!C$22:C$35) -> #DIV/0! | D144: =AVERAGE('[1]2020.12'!C$36:C$46) -> #DIV/0! | E144: =AVERAGE('[1]2020.12'!C$47:C$52) -> #DIV/0! | F144: =AVERAGE('[1]2020.12'!C$55:C$70) -> #DIV/0! | G144: =AVERAGE(B144:E144) -> #DIV/0! | I144: 0.5 | J144: =B144-I144 -> #DIV/0!
A145: 44197 | B145: =AVERAGE('[1]2021.01'!B$6:B$18) -> #DIV/0! | C145: =AVERAGE('[1]2021.01'!B$22:B$35) -> #DIV/0! | D145: =AVERAGE('[1]2021.01'!B$36:B$46) -> #DIV/0! | E145: =AVERAGE('[1]2021.01'!B$47:B$52) -> #DIV/0! | F145: =AVERAGE('[1]2021.01'!B$55:B$70) -> #DIV/0! | G145: =AVERAGE(B145:E145) -> #DIV/0! | I145: 0.5 | J145: =B145-I145 -> #DIV/0!
A146: 44228 | B146: =AVERAGE('[1]2021.02'!B$6:B$18) -> #DIV/0! | C146: =AVERAGE('[1]2021.02'!B$22:B$35) -> #DIV/0! | D146: =AVERAGE('[1]2021.02'!B$36:B$46) -> #DIV/0! | E146: =AVERAGE('[1]2021.02'!B$47:B$52) -> #DIV/0! | F146: =AVERAGE('[1]2021.02'!B$55:B$70) -> #DIV/0! | G146: =AVERAGE(B146:E146) -> #DIV/0! | I146: 0.5 | J146: =B146-I146 -> #DIV/0!
A147: 44256 | B147: =AVERAGE('[1]2021.03'!B$6:B$18) -> #DIV/0! | C147: =AVERAGE('[1]2021.03'!B$22:B$35) -> #DIV/0! | D147: =AVERAGE('[1]2021.03'!B$36:B$46) -> #DIV/0! | E147: =AVERAGE('[1]2021.03'!B$47:B$52) -> #DIV/0! | F147: =AVERAGE('[1]2021.03'!B$55:B$70) -> #DIV/0! | G147: =AVERAGE(B147:E147) -> #DIV/0! | I147: 0.5 | J147: =B147-I147 -> #DIV/0!
A148: 44287 | B148: =AVERAGE('[1]2021.04'!B$6:B$18) -> #DIV/0! | C148: =AVERAGE('[1]2021.04'!B$22:B$35) -> #DIV/0! | D148: =AVERAGE('[1]2021.04'!B$36:B$46) -> #DIV/0! | E148: =AVERAGE('[1]2021.04'!B$47:B$52) -> #DIV/0! | F148: =AVERAGE('[1]2021.04'!B$55:B$70) -> #DIV/0! | G148: =AVERAGE(B148:E148) -> #DIV/0! | I148: 0.5 | J148: =B148-I148 -> #DIV/0!
A149: 44317 | B149: =AVERAGE('[1]2021.05'!B$6:B$18) -> #DIV/0! | C149: =AVERAGE('[1]2021.05'!B$22:B$35) -> #DIV/0! | D149: =AVERAGE('[1]2021.05'!B$36:B$46) -> #DIV/0! | E149: =AVERAGE('[1]2021.05'!B$47:B$52) -> #DIV/0! | F149: =AVERAGE('[1]2021.05'!B$53:B$70) -> #DIV/0! | G149: =AVERAGE(B149:E149) -> #DIV/0! | I149: 0.5 | J149: =B149-I149 -> #DIV/0!
A150: 44348 | B150: =AVERAGE('[1]2021.06'!B$6:B$18) -> #DIV/0! | C150: =AVERAGE('[1]2021.06'!B$22:B$35) -> #DIV/0! | D150: =AVERAGE('[1]2021.06'!B$36:B$46) -> #DIV/0! | E150: =AVERAGE('[1]2021.06'!B$47:B$52) -> #DIV/0! | F150: =AVERAGE('[1]2021.06'!B$53:B$70) -> #DIV/0! | G150: =AVERAGE(B150:E150) -> #DIV/0! | I150: 0.5 | J150: =B150-I150 -> #DIV/0!
A151: 44378 | B151: =AVERAGE('[1]2021.07'!B$6:B$18) -> #DIV/0! | C151: =AVERAGE('[1]2021.07'!B$22:B$35) -> #DIV/0! | D151: =AVERAGE('[1]2021.07'!B$36:B$46) -> #DIV/0! | E151: =AVERAGE('[1]2021.07'!B$47:B$52) -> #DIV/0! | F151: =AVERAGE('[1]2021.07'!B$53:B$70) -> #DIV/0! | G151: =AVERAGE(B151:E151) -> #DIV/0! | I151: 0.5 | J151: =B151-I151 -> #DIV/0!
A152: 44409 | B152: =AVERAGE('[1]2021.08'!B$6:B$18) -> #DIV/0! | C152: =AVERAGE('[1]2021.08'!B$22:B$35) -> #DIV/0! | D152: =AVERAGE('[1]2021.08'!B$36:B$46) -> #DIV/0! | E152: =AVERAGE('[1]2021.08'!B$47:B$52) -> #DIV/0! | F152: =AVERAGE('[1]2021.08'!B$53:B$70) -> #DIV/0! | G152: =AVERAGE(B152:E152) -> #DIV/0! | I152: 0.5 | J152: =B152-I152 -> #DIV/0!
A153: 44440 | B153: =AVERAGE('[1]2021.09'!B$6:B$18) -> #DIV/0! | C153: =AVERAGE('[1]2021.09'!B$22:B$35) -> #DIV/0! | D153: =AVERAGE('[1]2021.09'!B$36:B$46) -> #DIV/0! | E153: =AVERAGE('[1]2021.09'!B$47:B$52) -> #DIV/0! | F153: =AVERAGE('[1]2021.09'!B$53:B$70) -> #DIV/0! | G153: =AVERAGE(B153:E153) -> #DIV/0! | I153: 0.75 | J153: =B153-I153 -> #DIV/0!
A154: 44470 | B154: =AVERAGE('[1]2021.10'!B$6:B$18) -> #DIV/0! | C154: =AVERAGE('[1]2021.10'!B$22:B$35) -> #DIV/0! | D154: =AVERAGE('[1]2021.10'!B$36:B$46) -> #DIV/0! | E154: =AVERAGE('[1]2021.10'!B$47:B$52) -> #DIV/0! | F154: =AVERAGE('[1]2021.10'!B$53:B$70) -> #DIV/0! | G154: =AVERAGE(B154:E154) -> #DIV/0! | I154: 0.75 | J154: =B154-I154 -> #DIV/0!
A155: 44501 | B155: =AVERAGE('[1]2021.11'!B$6:B$18) -> #DIV/0! | C155: =AVERAGE('[1]2021.11'!B$22:B$35) -> #DIV/0! | D155: =AVERAGE('[1]2021.11'!B$36:B$46) -> #DIV/0! | E155: =AVERAGE('[1]2021.11'!B$47:B$52) -> #DIV/0! | F155: =AVERAGE('[1]2021.11'!B$53:B$70) -> #DIV/0! | G155: =AVERAGE(B155:E155) -> #DIV/0! | I155: 0.75 | J155: =B155-I155 -> #DIV/0!
A156: 44531 | B156: =AVERAGE('[1]2021.12'!B$6:B$18) -> #DIV/0! | C156: =AVERAGE('[1]2021.12'!B$23:B$35) -> #DIV/0! | D156: =AVERAGE('[1]2021.12'!B$37:B$47) -> #DIV/0! | E156: =AVERAGE('[1]2021.12'!B$48:B$53) -> #DIV/0! | F156: =AVERAGE('[1]2021.12'!B$53:B$70) -> #DIV/0! | G156: =AVERAGE(B156:E156) -> #DIV/0! | I156: 1 | J156: =B156-I156 -> #DIV/0!
A157: 44562 | B157: =AVERAGE('[1]2022.01'!B$6:B$18) -> #DIV/0! | C157: =AVERAGE('[1]2022.01'!B$24:B$37) -> #DIV/0! | D157: =AVERAGE('[1]2022.01'!B$39:B$49) -> #DIV/0! | E157: =AVERAGE('[1]2022.01'!B$50:B$55) -> #DIV/0! | F157: =AVERAGE('[1]2022.01'!B$56:B$75) -> #DIV/0! | G157: =AVERAGE(B157:E157) -> #DIV/0! | I157: 1.25 | J157: =B157-I157 -> #DIV/0!
A158: 44593 | B158: =AVERAGE('[1]2022.02'!B$6:B$18) -> #DIV/0! | C158: =AVERAGE('[1]2022.02'!B$24:B$37) -> #DIV/0! | D158: =AVERAGE('[1]2022.02'!B$39:B$49) -> #DIV/0! | E158: =AVERAGE('[1]2022.02'!B$50:B$55) -> #DIV/0! | F158: =AVERAGE('[1]2022.02'!B$56:B$75) -> #DIV/0! | G158: =AVERAGE(B158:E158) -> #DIV/0! | I158: 1.25 | J158: =B158-I158 -> #DIV/0!
A159: 44621 | B159: =AVERAGE('[1]2022.03'!B$6:B$18) -> #DIV/0! | C159: =AVERAGE('[1]2022.03'!B$24:B$38) -> #DIV/0! | D159: =AVERAGE('[1]2022.03'!B$39:B$49) -> #DIV/0! | E159: =AVERAGE('[1]2022.03'!B$50:B$55) -> #DIV/0! | F159: =AVERAGE('[1]2022.03'!B$56:B$77) -> #DIV/0! | G159: =AVERAGE(B159:E159) -> #DIV/0! | I159: 1.25 | J159: =B159-I159 -> #DIV/0!
A160: 44652 | B160: =AVERAGE('[1]2022.04'!B$6:B$18) -> #DIV/0! | C160: =AVERAGE('[1]2022.04'!B$24:B$37) -> #DIV/0! | D160: =AVERAGE('[1]2022.04'!B$39:B$49) -> #DIV/0! | E160: =AVERAGE('[1]2022.04'!B$50:B$55) -> #DIV/0! | F160: =AVERAGE('[1]2022.04'!B$56:B$77) -> #DIV/0! | G160: =AVERAGE(B160:E160) -> #DIV/0! | I160: 1.5 | J160: =B160-I160 -> #DIV/0!
A161: 44682 | B161: =AVERAGE('[1]2022.05'!B$6:B$18) -> #DIV/0! | C161: =AVERAGE('[1]2022.05'!B$25:B$38) -> #DIV/0! | D161: =AVERAGE('[1]2022.05'!B$40:B$50) -> #DIV/0! | E161: =AVERAGE('[1]2022.05'!B$51:B$56) -> #DIV/0! | F161: =AVERAGE('[1]2022.05'!B$57:B$78) -> #DIV/0! | G161: =AVERAGE(B161:E161) -> #DIV/0! | I161: 1.75 | J161: =B161-I161 -> #DIV/0!
A162: 44713 | B162: =AVERAGE('[1]2022.06'!B$6:B$18) -> #DIV/0! | C162: =AVERAGE('[1]2022.06'!B$25:B$38) -> #DIV/0! | D162: =AVERAGE('[1]2022.06'!B$40:B$50) -> #DIV/0! | E162: =AVERAGE('[1]2022.06'!B$51:B$56) -> #DIV/0! | F162: =AVERAGE('[1]2022.06'!B$57:B$78) -> #DIV/0! | G162: =AVERAGE(B162:E162) -> #DIV/0! | I162: 1.75 | J162: =B162-I162 -> #DIV/0!
A163: 44743 | B163: =AVERAGE('[1]2022.07'!B$6:B$18) -> #DIV/0! | C163: =AVERAGE('[1]2022.07'!B$25:B$37) -> #DIV/0! | D163: =AVERAGE('[1]2022.07'!B$40:B$50) -> #DIV/0! | E163: =AVERAGE('[1]2022.07'!B$51:B$56) -> #DIV/0! | F163: =AVERAGE('[1]2022.07'!B$57:B$78) -> #DIV/0! | G163: =AVERAGE(B163:E163) -> #DIV/0! | I163: 2.25 | J163: =B163-I163 -> #DIV/0!
A164: 44774 | B164: =AVERAGE('[1]2022.08'!B$6:B$18) -> #DIV/0! | C164: =AVERAGE('[1]2022.08'!B$25:B$38) -> #DIV/0! | D164: =AVERAGE('[1]2022.08'!B$40:B$50) -> #DIV/0! | E164: =AVERAGE('[1]2022.08'!B$51:B$56) -> #DIV/0! | F164: =AVERAGE('[1]2022.08'!B$57:B$78) -> #DIV/0! | G164: =AVERAGE(B164:E164) -> #DIV/0! | I164: 2.5 | J164: =B164-I164 -> #DIV/0!
A165: 44805 | B165: =AVERAGE('[1]2022.09'!B$6:B$18) -> #DIV/0! | C165: =AVERAGE('[1]2022.09'!B$25:B$38) -> #DIV/0! | D165: =AVERAGE('[1]2022.09'!B$40:B$50) -> #DIV/0! | E165: =AVERAGE('[1]2022.09'!B$51:B$56) -> #DIV/0! | F165: =AVERAGE('[1]2022.09'!B$57:B$78) -> #DIV/0! | G165: =AVERAGE(B165:E165) -> #DIV/0! | I165: 2.5 | J165: =B165-I165 -> #DIV/0!
A166: 44835 | B166: =AVERAGE('[1]2022.10'!B$6:B$18) -> #DIV/0! | C166: =AVERAGE('[1]2022.10'!B$25:B$38) -> #DIV/0! | D166: =AVERAGE('[1]2022.10'!B$40:B$50) -> #DIV/0! | E166: =AVERAGE('[1]2022.10'!B$51:B$56) -> #DIV/0! | F166: =AVERAGE('[1]2022.10'!B$57:B$78) -> #DIV/0! | G166: =AVERAGE(B166:E166) -> #DIV/0! | I166: 3 | J166: =B166-I166 -> #DIV/0!
A167: 44866 | B167: =AVERAGE('[1]2022.11'!B$6:B$18) -> #DIV/0! | C167: =AVERAGE('[1]2022.11'!B$25:B$38) -> #DIV/0! | D167: =AVERAGE('[1]2022.11'!B$40:B$50) -> #DIV/0! | E167: =AVERAGE('[1]2022.11'!B$51:B$56) -> #DIV/0! | F167: =AVERAGE('[1]2022.11'!B$57:B$78) -> #DIV/0! | G167: =AVERAGE(B167:E167) -> #DIV/0! | I167: 3.25 | J167: =B167-I167 -> #DIV/0!
A168: 44896 | B168: =AVERAGE('[1]2022.12'!B$6:B$18) -> #DIV/0! | C168: =AVERAGE('[1]2022.12'!B$25:B$40) -> #DIV/0! | D168: =AVERAGE('[1]2022.12'!B$43:B$53) -> #DIV/0! | E168: =AVERAGE('[1]2022.12'!B$54:B$59) -> #DIV/0! | F168: =AVERAGE('[1]2022.12'!B$61:B$82) -> #DIV/0! | G168: =AVERAGE(B168:E168) -> #DIV/0! | I168: 3.25 | J168: =B168-I168 -> #DIV/0!
A169: 44927 | B169: =AVERAGE('[1]2023.01'!B$6:B$18) -> #DIV/0! | C169: =AVERAGE('[1]2023.01'!B$25:B$40) -> #DIV/0! | D169: =AVERAGE('[1]2023.01'!B$43:B$50) -> #DIV/0! | E169: =AVERAGE('[1]2023.01'!B$53:B$58) -> #DIV/0! | F169: =AVERAGE('[1]2023.01'!B$60:B$81) -> #DIV/0! | G169: =AVERAGE(B169:E169) -> #DIV/0! | I169: 3.5 | J169: =B169-I169 -> #DIV/0!
A170: 44958 | B170: =AVERAGE('[1]2023.02'!B$6:B$18) -> #DIV/0! | C170: =AVERAGE('[1]2023.02'!B$25:B$40) -> #DIV/0! | D170: =AVERAGE('[1]2023.02'!B$43:B$50) -> #DIV/0! | E170: =AVERAGE('[1]2023.02'!B$53:B$57) -> #DIV/0! | F170: =AVERAGE('[1]2023.02'!B$60:B$81) -> #DIV/0! | G170: =AVERAGE(B170:E170) -> #DIV/0! | I170: 3.5 | J170: =B170-I170 -> #DIV/0!
A171: 44986 | B171: =AVERAGE('[1]2023.03'!B$6:B$18) -> #DIV/0! | C171: =AVERAGE('[1]2023.03'!B$25:B$40) -> #DIV/0! | D171: =AVERAGE('[1]2023.03'!B$43:B$50) -> #DIV/0! | E171: =AVERAGE('[1]2023.03'!B$53:B$58) -> #DIV/0! | F171: =AVERAGE('[1]2023.03'!B$60:B$81) -> #DIV/0! | G171: =AVERAGE(B171:E171) -> #DIV/0! | I171: 3.5 | J171: =B171-I171 -> #DIV/0!
A172: 45017 | B172: =AVERAGE('[1]2023.04'!B$6:B$18) -> #DIV/0! | C172: =AVERAGE('[1]2023.04'!B$19:B$35) -> #DIV/0! | D172: =AVERAGE('[1]2023.04'!B$36:B$46) -> #DIV/0! | E172: =AVERAGE('[1]2023.04'!B$47:B$52) -> #DIV/0! | F172: =AVERAGE('[1]2023.04'!B$53:B$74) -> #DIV/0! | G172: =AVERAGE(B172:E172) -> #DIV/0! | I172: 3.5 | J172: =B172-I172 -> #DIV/0!
A173: 45047 | B173: =AVERAGE('[1]2023.05'!B$6:B$18) -> #DIV/0! | C173: =AVERAGE('[1]2023.05'!B$19:B$35) -> #DIV/0! | D173: =AVERAGE('[1]2023.05'!B$36:B$46) -> #DIV/0! | E173: =AVERAGE('[1]2023.05'!B$47:B$52) -> #DIV/0! | F173: =AVERAGE('[1]2023.05'!B$53:B$74) -> #DIV/0! | G173: =AVERAGE(B173:E173) -> #DIV/0! | I173: 3.5 | J173: =B173-I173 -> #DIV/0!
A174: 45078 | B174: =AVERAGE('[1]2023.06'!B$6:B$18) -> #DIV/0! | C174: =AVERAGE('[1]2023.06'!B$19:B$35) -> #DIV/0! | D174: =AVERAGE('[1]2023.06'!B$36:B$46) -> #DIV/0! | E174: =AVERAGE('[1]2023.06'!B$47:B$52) -> #DIV/0! | F174: =AVERAGE('[1]2023.06'!B$53:B$74) -> #DIV/0! | G174: =AVERAGE(B174:E174) -> #DIV/0! | I174: 3.5 | J174: =B174-I174 -> #DIV/0!
A175: 45108 | B175: =AVERAGE('[1]2023.07'!B$6:B$18) -> #DIV/0! | C175: =AVERAGE('[1]2023.07'!B$19:B$35) -> #DIV/0! | D175: =AVERAGE('[1]2023.07'!B$36:B$45) -> #DIV/0! | E175: =AVERAGE('[1]2023.07'!B$47:B$52) -> #DIV/0! | F175: =AVERAGE('[1]2023.07'!B$53:B$74) -> #DIV/0! | G175: =AVERAGE(B175:E175) -> #DIV/0! | I175: 3.5 | J175: =B175-I175 -> #DIV/0!
A176: 45139 | B176: =AVERAGE('[1]2023.08'!B$6:B$18) -> #DIV/0! | C176: =AVERAGE('[1]2023.08'!B$19:B$35) -> #DIV/0! | D176: =AVERAGE('[1]2023.08'!B$36:B$45) -> #DIV/0! | E176: =AVERAGE('[1]2023.08'!B$47:B$52) -> #DIV/0! | F176: =AVERAGE('[1]2023.08'!B$53:B$74) -> #DIV/0! | G176: =AVERAGE(B176:E176) -> #DIV/0! | I176: 3.5 | J176: =B176-I176 -> #DIV/0!
A177: 45170 | B177: =AVERAGE('[1]2023.09'!B$6:B$18) -> #DIV/0! | C177: =AVERAGE('[1]2023.09'!B$19:B$35) -> #DIV/0! | D177: =AVERAGE('[1]2023.09'!B$36:B$45) -> #DIV/0! | E177: =AVERAGE('[1]2023.09'!B$48:B$53) -> #DIV/0! | F177: =AVERAGE('[1]2023.09'!B$53:B$74) -> #DIV/0! | G177: =AVERAGE(B177:E177) -> #DIV/0! | I177: 3.5 | J177: =B177-I177 -> #DIV/0!
A178: 45200 | B178: =AVERAGE('[1]2023.10'!B$6:B$18) -> #DIV/0! | C178: =AVERAGE('[1]2023.10'!B$19:B$35) -> #DIV/0! | D178: =AVERAGE('[1]2023.10'!B$36:B$46) -> #DIV/0! | E178: =AVERAGE('[1]2023.10'!B$48:B$53) -> #DIV/0! | F178: =AVERAGE('[1]2023.10'!B$54:B$75) -> #DIV/0! | G178: =AVERAGE(B178:E178) -> #DIV/0! | I178: 3.5 | J178: =B178-I178 -> #DIV/0!
A179: 45231 | B179: =AVERAGE('[1]2023.11'!D$11:D$37) -> #DIV/0! | C179: =AVERAGE('[1]2023.11'!B$38:B$54) -> #DIV/0! | D179: =AVERAGE('[1]2023.11'!D$55:D$64) -> #DIV/0! | E179: =AVERAGE('[1]2023.11'!D$65:D$73) -> #DIV/0! | F179: =AVERAGE('[1]2023.11'!D$74:D$95) -> #DIV/0! | G179: =AVERAGE(B179:E179) -> #DIV/0! | I179: 3.5 | J179: =B179-I179 -> #DIV/0!
A180: 45261 | B180: =AVERAGE('[1]2023.12'!E$11:E$32) -> #DIV/0! | C180: =AVERAGE('[1]2023.12'!E$33:E$49) -> #DIV/0! | D180: =AVERAGE('[1]2023.12'!E$50:E$60) -> #DIV/0! | E180: =AVERAGE('[1]2023.12'!E$61:E$78) -> #DIV/0! | F180: =AVERAGE('[1]2023.12'!E$69:E$90) -> #DIV/0! | G180: =AVERAGE(B180:E180) -> #DIV/0! | I180: 3.5 | J180: =B180-I180 -> #DIV/0!
A181: 45292 | B181: =AVERAGE('[1]2024.01'!F$11:F$31) -> #DIV/0! | C181: =AVERAGE('[1]2024.01'!F$32:F$48) -> #DIV/0! | D181: =AVERAGE('[1]2024.01'!F$49:F$59) -> #DIV/0! | E181: =AVERAGE('[1]2024.01'!F$62:F$67) -> #DIV/0! | F181: =AVERAGE('[1]2024.01'!F$68:F$89) -> #DIV/0! | G181: =AVERAGE(B181:E181) -> #DIV/0! | I181: 3.5 | J181: =B181-I181 -> #DIV/0!
A182: 45323 | B182: =AVERAGE('[1]2024.02'!F$11:F$32) -> #DIV/0! | C182: =AVERAGE('[1]2024.02'!F$33:F$49) -> #DIV/0! | D182: =AVERAGE('[1]2024.02'!F$50:F$60) -> #DIV/0! | E182: =AVERAGE('[1]2024.02'!F$61:F$68) -> #DIV/0! | F182: =AVERAGE('[1]2024.02'!F$69:F$90) -> #DIV/0! | G182: =AVERAGE(B182:E182) -> #DIV/0! | I182: 3.5 | J182: =B182-I182 -> #DIV/0!
A183: 45352 | B183: =AVERAGE('[1]2024.03'!F$11:F$32) -> #DIV/0! | C183: =AVERAGE('[1]2024.03'!F$33:F$49) -> #DIV/0! | D183: =AVERAGE('[1]2024.03'!F$50:F$60) -> #DIV/0! | E183: =AVERAGE('[1]2024.03'!F$61:F$68) -> #DIV/0! | F183: =AVERAGE('[1]2024.03'!F$69:F$90) -> #DIV/0! | G183: =AVERAGE(B183:E183) -> #DIV/0! | I183: 3.5 | J183: =B183-I183 -> #DIV/0!
...

Sheet Sheet2
A4: DATE | B4: 증권 평균 | C4: 은행 평균 | D4: 생보 평균 | E4: 손보 평균 | F4: 저축 평균 | G4: 원리금보장상품금리 평균 (1년, DB) | H4: 기준금리
A5: 2012-02-01 | B5: 4.885 | C5: 4.6325 | D5: 4.8223077 | E5: 4.825 | G5: 4.7912019 | H5: 3.25
A6: 2012-02-16 | B6: 4.845 | C6: 4.675625 | D6: 4.7007692 | E6: 4.80125 | G6: 4.7556611 | H6: 3.25
A7: 2012-03-01 | B7: 4.8466667 | C7: 4.625625 | D7: 4.6838462 | E7: 4.825 | G7: 4.7452845 | H7: 3.25
A8: 2012-03-16 | B8: 4.86 | C8: 4.651875 | D8: 4.6846154 | E8: 4.8175 | G8: 4.7534976 | H8: 3.25
A9: 2012-04-01 | B9: 4.9125 | C9: 4.69625 | D9: 4.6869231 | E9: 4.8125 | G9: 4.7770433 | H9: 3.25
A10: 2012-04-16 | B10: 4.8825 | C10: 4.6576471 | D10: 4.7007692 | E10: 4.82375 | G10: 4.7661666 | H10: 3.25
A11: 2012-05-01 | B11: 4.7791667 | C11: 4.6282353 | D11: 4.6192308 | E11: 4.77125 | G11: 4.6994707 | H11: 3.25
A12: 2012-05-16 | B12: 4.6983333 | C12: 4.6141176 | D12: 4.5623077 | E12: 4.7225 | G12: 4.6493147 | H12: 3.25
A13: 2012-06-01 | B13: 4.6158333 | C13: 4.59 | D13: 4.4861538 | E13: 4.62125 | G13: 4.5783093 | H13: 3.25
A14: 2012-06-16 | B14: 4.5616667 | C14: 4.555 | D14: 4.4176923 | E14: 4.565 | G14: 4.5248397 | H14: 3.25
A15: 2012-07-01 | B15: 4.5708333 | C15: 4.514375 | D15: 4.3969231 | E15: 4.45625 | G15: 4.4845954 | H15: 3
A16: 2012-07-16 | B16: 4.5741667 | C16: 4.43625 | D16: 4.3969231 | E16: 4.4675 | G16: 4.4687099 | H16: 3
... A72: 2014-12-01 | B72: 3.01 | C72: 2.39 | D72: 2.82 | E72: 2.95 | G72: 2.7925 | H72: 2
A73: 42005 | B73: 2.96 | C73: 2.39 | D73: 2.74 | E73: 2.85 | G73: 2.735 | H73: 2
A74: 42036 | B74: 2.86 | C74: 2.23 | D74: 2.65 | E74: 2.76 | G74: 2.625 | H74: 2
A75: 42064 | B75: 2.82 | C75: 2.23 | D75: 2.61 | E75: 2.72 | G75: 2.595 | H75: 1.75
A76: 42095 | B76: 2.6 | C76: 2.01 | D76: 2.54 | E76: 2.61 | G76: 2.44 | H76: 1.75
A77: 42125 | B77: 2.55 | C77: 1.92 | D77: 2.45 | E77: 2.51 | G77: 2.3575 | H77: 1.75
A78: 42156 | B78: 2.58 | C78: 1.95 | D78: 2.47 | E78: 2.5 | G78: 2.375 | H78: 1.5
A79: 42186 | B79: 2.32 | C79: 1.81 | D79: 2.47 | E79: 2.47 | G79: 2.2675 | H79: 1.5
A80: 42217 | B80: 2.25 | C80: 1.75 | D80: 2.43 | E80: 2.44 | G80: 2.2175 | H80: 1.5
A81: 42248 | B81: 2.23 | C81: 1.75 | D81: 2.4 | E81: 2.38 | G81: 2.19 | H81: 1.5
A82: 42278 | B82: 2.2 | C82: 1.73 | D82: 2.37 | E82: 2.36 | G82: 2.165 | H82: 1.5
A83: 42309 | B83: 2.25 | C83: 1.74 | D83: 2.34 | E83: 2.33 | G83: 2.165 | H83: 1.5
A84: 42339 | B84: 2.4 | C84: 1.87 | D84: 2.4 | E84: 2.4 | G84: 2.2675 | H84: 1.5
... A122: 43497 | B122: 2.356 | C122: 1.9878571 | D122: 2.1218182 | E122: 2.23 | G122: 2.1739188 | H122: 1.75
A123: 43525 | B123: 2.39 | C123: 2.0142857 | D123: 2.1827273 | E123: 2.235 | F123: 2.2833333 | G123: 2.2055032 | H123: 1.75
A124: 43556 | B124: 2.4163636 | C124: 2.0164286 | D124: 2.1945455 | E124: 2.2666667 | F124: 2.3028571 | G124: 2.2235011 | H124: 1.75
A125: 43586 | B125: 2.42 | C125: 1.9892308 | D125: 2.1863636 | E125: 2.2883333 | F125: 2.412 | G125: 2.2209819 | H125: 1.75
A126: 43617 | B126: 2.3941667 | C126: 1.9707143 | D126: 2.2490909 | E126: 2.3483333 | F126: 2.502 | G126: 2.2405763 | H126: 1.75
A127: 43647 | B127: 2.3053846 | C127: 1.8885714 | D127: 2.2716667 | E127: 2.2716667 | F127: 2.5618182 | G127: 2.1843223 | H127: 1.5
A128: 43678 | B128: 2.1946154 | C128: 1.6892857 | D128: 2.1409091 | E128: 2.255 | F128: 2.5836364 | G128: 2.0699525 | H128: 1.5
A129: 43709 | B129: 2.0516667 | C129: 1.585 | D129: 2.0672727 | E129: 2.16 | F129: 2.5836364 | G129: 1.9659848 | H129: 1.5
A130: 43739 | B130: 2.1166667 | C130: 1.7535714 | D130: 2.0736364 | E130: 2.1366667 | F130: 2.5390909 | G130: 2.0201353 | H130: 1.25
A131: 43770 | B131: 2.1325 | C131: 1.7328571 | D131: 2.0918182 | E131: 2.1066667 | F131: 2.4633333 | G131: 2.0159605 | H131: 1.25
A132: 43800 | B132: 2.2133333 | C132: 1.81 | D132: 2.1872727 | E132: 2.2583333 | F132: 2.425 | G132: 2.1172348 | H132: 1.25
A133: 43831 | B133: 2.1725 | C133: 1.7571429 | D133: 2.0936364 | E133: 2.1 | F133: 2.3471429 | G133: 2.0308198 | H133: 1.25
A134: 43862 | B134: 2.1466667 | C134: 1.6914286 | D134: 2.0509091 | E134: 2.1683333 | F134: 2.2266667 | G134: 2.0143344 | H134: 1.25
... A211: 46204 | B211: 3.8252381 | C211: 2.9258824 | D211: 2.8135714 | E211: 3.1357143 | F211: 4.1104762 | G211: 3.1751015 | H211: 2.5
